[ {
  "png" : "https://tse4.mm.bing.net/th/id/OIP.wvS8MYwJFk-5jq6ACB8lJQHaFT?pid=ImgDet&w=172&h=123&c=7&dpr=1.3&o=7&rm=3",
  "jpg" : "",
  "jpeg" : ""
}, {
  "png" : "",
  "jpg" : "https://tse4.mm.bing.net/th/id/OIP.zSV6gfj-prUuwTwS1CLlOgHaEK?pid=ImgDet&w=172&h=97&c=7&dpr=1.3&o=7&rm=3",
  "jpeg" : ""
}, {
  "png" : "",
  "jpg" : "https://tse2.mm.bing.net/th/id/OIP.NphuMbTgmhUNj-fKh1f5MQHaE6?pid=ImgDet&w=172&h=114&c=7&dpr=1.3&o=7&rm=3",
  "jpeg" : ""
}, {
  "png" : "",
  "jpg" : "https://tse4.mm.bing.net/th/id/OIP.PwJLvSr2dUDE-c6tSR3MrwHaE7?pid=ImgDet&w=172&h=114&c=7&dpr=1.3&o=7&rm=3",
  "jpeg" : ""
}, {
  "png" : "",
  "jpg" : "https://tse4.mm.bing.net/th/id/OIP.Q2P0vkhCifKFsblgnGYXZwHaE7?pid=ImgDet&w=172&h=114&c=7&dpr=1.3&o=7&rm=3",
  "jpeg" : ""
}, {
  "png" : "",
  "jpg" : "https://tse1.mm.bing.net/th/id/OIP.CI1UXKaX9XGln_XXzdjksgHaHa?pid=ImgDet&w=172&h=172&c=7&dpr=1.3&o=7&rm=3",
  "jpeg" : ""
}, {
  "png" : "",
  "jpg" : "https://tse3.mm.bing.net/th/id/OIP.8cJRQv3uNE4DvsLlhoPMUwHaDa?pid=ImgDet&w=172&h=79&c=7&dpr=1.3&o=7&rm=3",
  "jpeg" : ""
}, {
  "png" : "",
  "jpg" : "https://tse4.mm.bing.net/th/id/OIP.1ntk1V1xtlL-U_ST5wlfWAHaFj?pid=ImgDet&w=172&h=129&c=7&dpr=1.3&o=7&rm=3",
  "jpeg" : ""
}, {
  "png" : "",
  "jpg" : "https://tse2.mm.bing.net/th/id/OIP.EaDMximtnIUFo9kmFGCEIAHaEK?pid=ImgDet&w=172&h=97&c=7&dpr=1.3&o=7&rm=3",
  "jpeg" : ""
}, {
  "png" : "",
  "jpg" : "https://tse1.mm.bing.net/th/id/OIP.9VAgu3h-TtkBX09x7TmUYQHaEW?pid=ImgDet&w=172&h=100&c=7&dpr=1.3&o=7&rm=3",
  "jpeg" : ""
}, {
  "png" : "",
  "jpg" : "https://tse3.mm.bing.net/th/id/OIP.Rg1ZqCCJgx9nrXKXp2mlGAHaEe?pid=ImgDet&w=172&h=103&c=7&dpr=1.3&o=7&rm=3",
  "jpeg" : ""
}, {
  "png" : "",
  "jpg" : "https://tse1.mm.bing.net/th/id/OIP.o8ooLRAF-9jlrMwFV0XaUQHaEc?pid=ImgDet&w=172&h=103&c=7&dpr=1.3&o=7&rm=3",
  "jpeg" : ""
}, {
  "png" : "",
  "jpg" : "https://tse3.mm.bing.net/th/id/OIP.3-ydkSG0XWZSpgGQovsTIgHaE7?pid=ImgDet&w=172&h=114&c=7&dpr=1.3&o=7&rm=3",
  "jpeg" : ""
}, {
  "png" : "",
  "jpg" : "https://tse1.mm.bing.net/th/id/OIP.CU4moM-sSDDJEWKayhtcrAHaFj?pid=ImgDet&w=172&h=128&c=7&dpr=1.3&o=7&rm=3",
  "jpeg" : ""
}, {
  "png" : "",
  "jpg" : "https://tse1.mm.bing.net/th/id/OIP.ptW7uUgmOrwNr809R1vKFgHaE6?pid=ImgDet&w=172&h=114&c=7&dpr=1.3&o=7&rm=3",
  "jpeg" : ""
}, {
  "png" : "",
  "jpg" : "https://tse1.mm.bing.net/th/id/OIP.hY1fnCKABpKCAvT-zBQNSQHaHI?pid=ImgDet&w=172&h=165&c=7&dpr=1.3&o=7&rm=3",
  "jpeg" : ""
}, {
  "png" : "",
  "jpg" : "https://tse3.mm.bing.net/th/id/OIP.2jvDb1eTHAa-jorjSaFcUAHaEK?pid=ImgDet&w=172&h=97&c=7&dpr=1.3&o=7&rm=3",
  "jpeg" : ""
}, {
  "png" : "",
  "jpg" : "https://tse1.mm.bing.net/th/id/OIP.LenpuuwZnijDP64kwOqF4AAAAA?pid=ImgDet&w=172&h=172&c=7&dpr=1.3&o=7&rm=3",
  "jpeg" : ""
}, {
  "png" : "",
  "jpg" : "https://tse4.mm.bing.net/th/id/OIP.NTiw7j3UGpb1aHKEVIK0vgHaE6?pid=ImgDet&w=172&h=114&c=7&dpr=1.3&o=7&rm=3",
  "jpeg" : ""
}, {
  "png" : "",
  "jpg" : "https://tse1.mm.bing.net/th/id/OIP.ZvSFFZmsFfsSuriIKyvb5QHaF7?pid=ImgDet&w=172&h=137&c=7&dpr=1.3&o=7&rm=3",
  "jpeg" : ""
}, {
  "png" : "",
  "jpg" : "https://tse3.mm.bing.net/th/id/OIP.TcaQ6gJED30zejURMMea_wHaEh?pid=ImgDet&w=172&h=104&c=7&dpr=1.3&o=7&rm=3",
  "jpeg" : ""
}, {
  "png" : "",
  "jpg" : "https://tse3.mm.bing.net/th/id/OIP.Qm8CR397a4MHQUOmJGw1sQHaE7?pid=ImgDet&w=172&h=114&c=7&dpr=1.3&o=7&rm=3",
  "jpeg" : ""
}, {
  "png" : "",
  "jpg" : "https://tse3.mm.bing.net/th/id/OIP.GSN3deBvprsqJIAc1IFniwHaFX?pid=ImgDet&w=172&h=124&c=7&dpr=1.3&o=7&rm=3",
  "jpeg" : ""
}, {
  "png" : "",
  "jpg" : "https://tse3.mm.bing.net/th/id/OIP.A55UxTSWd9ySNFcTlgLg7AHaF7?pid=ImgDet&w=172&h=137&c=7&dpr=1.3&o=7&rm=3",
  "jpeg" : ""
}, {
  "png" : "",
  "jpg" : "https://tse1.mm.bing.net/th/id/OIP._TPDd6Hs9MqVFgOB_OLtCwHaFn?pid=ImgDet&w=172&h=130&c=7&dpr=1.3&o=7&rm=3",
  "jpeg" : ""
}, {
  "png" : "",
  "jpg" : "https://tse1.mm.bing.net/th/id/OIP.aPfRG_FrpEr2fooe6Xb5zgHaFr?pid=ImgDet&w=172&h=132&c=7&dpr=1.3&o=7&rm=3",
  "jpeg" : ""
}, {
  "png" : "",
  "jpg" : "https://tse3.mm.bing.net/th/id/OIP.mrJfUDziQf3Tft9SFplRJQHaE8?pid=ImgDet&w=172&h=114&c=7&dpr=1.3&o=7&rm=3",
  "jpeg" : ""
}, {
  "png" : "",
  "jpg" : "https://tse4.mm.bing.net/th/id/OIP.2x9Xbvoxt5h7q2XJBcqm0wHaFa?pid=ImgDet&w=172&h=125&c=7&dpr=1.3&o=7&rm=3",
  "jpeg" : ""
}, {
  "png" : "",
  "jpg" : "https://tse1.mm.bing.net/th/id/OIP.rU9g936p3S8UmPrqDLvLTgHaFh?pid=ImgDet&w=172&h=128&c=7&dpr=1.3&o=7&rm=3",
  "jpeg" : ""
}, {
  "png" : "https://tse4.mm.bing.net/th/id/OIP.nljhOGYfZyt8g4EvQp-IVQHaDb?pid=ImgDet&w=172&h=79&c=7&dpr=1.3&o=7&rm=3",
  "jpg" : "",
  "jpeg" : ""
}, {
  "png" : "",
  "jpg" : "https://tse3.mm.bing.net/th/id/OIP.aI8IIxFpcsFp_Dq1ZXvwQQHaE8?pid=ImgDet&w=172&h=114&c=7&dpr=1.3&o=7&rm=3",
  "jpeg" : ""
}, {
  "png" : "",
  "jpg" : "https://tse3.mm.bing.net/th/id/OIP.K6xJ_IBCamjViOZ7s6VYiwHaFj?pid=ImgDet&w=172&h=129&c=7&dpr=1.3&o=7&rm=3",
  "jpeg" : ""
}, {
  "png" : "",
  "jpg" : "https://tse3.mm.bing.net/th/id/OIP.pBrmB9jxepk7-j6YTYPV9AAAAA?pid=ImgDet&w=172&h=86&c=7&dpr=1.3&o=7&rm=3",
  "jpeg" : ""
}, {
  "png" : "",
  "jpg" : "https://tse2.mm.bing.net/th/id/OIP.K9E_emAlOctkZBpjy3UAzgHaE8?pid=ImgDet&w=172&h=114&c=7&dpr=1.3&o=7&rm=3",
  "jpeg" : ""
}, {
  "png" : "",
  "jpg" : "https://tse3.mm.bing.net/th/id/OIP.D2-ZENaOTlup0cXfCoNcvQHaFi?pid=ImgDet&w=172&h=128&c=7&dpr=1.3&o=7&rm=3",
  "jpeg" : ""
}, {
  "png" : "",
  "jpg" : "https://tse4.mm.bing.net/th/id/OIP.IUiWQDFpsnWAaQtjd4CTJQHaEK?pid=ImgDet&w=172&h=97&c=7&dpr=1.3&o=7&rm=3",
  "jpeg" : ""
}, {
  "png" : "",
  "jpg" : "https://tse3.mm.bing.net/th/id/OIP.AzZ92Iaqmxno-K6TNNYl9QHaDa?pid=ImgDet&w=172&h=79&c=7&dpr=1.3&o=7&rm=3",
  "jpeg" : ""
}, {
  "png" : "",
  "jpg" : "https://tse1.mm.bing.net/th/id/OIP.gq63CKu8rW08XjGSLENrngHaEK?pid=ImgDet&w=172&h=97&c=7&dpr=1.3&o=7&rm=3",
  "jpeg" : ""
}, {
  "png" : "",
  "jpg" : "https://tse2.mm.bing.net/th/id/OIP.z4dN0iFwBry4BSH3muhZAQHaEd?pid=ImgDet&w=172&h=103&c=7&dpr=1.3&o=7&rm=3",
  "jpeg" : ""
}, {
  "png" : "",
  "jpg" : "https://tse3.mm.bing.net/th/id/OIP.owx8YV-YzaBWYn8eF-G26wAAAA?pid=ImgDet&w=172&h=85&c=7&dpr=1.3&o=7&rm=3",
  "jpeg" : ""
}, {
  "png" : "",
  "jpg" : "https://tse2.mm.bing.net/th/id/OIP.Jq1JTQLZrvRX1j3DxyHJ7wHaCy?pid=ImgDet&w=172&h=64&c=7&dpr=1.3&o=7&rm=3",
  "jpeg" : ""
}, {
  "png" : "",
  "jpg" : "https://tse3.mm.bing.net/th/id/OIP.mNxQo-xII9geCf9DwKD0kgHaFj?pid=ImgDet&w=172&h=129&c=7&dpr=1.3&o=7&rm=3",
  "jpeg" : ""
}, {
  "png" : "https://tse3.mm.bing.net/th/id/OIP.d3DevpwAcy6UIVETdh0msAHaCB?pid=ImgDet&w=172&h=46&c=7&dpr=1.3&o=7&rm=3",
  "jpg" : "",
  "jpeg" : ""
}, {
  "png" : "",
  "jpg" : "https://tse4.mm.bing.net/th/id/OIP.kEZPrOmA5-tYQhHVNTmeqAHaFi?pid=ImgDet&w=172&h=128&c=7&dpr=1.3&o=7&rm=3",
  "jpeg" : ""
}, {
  "png" : "",
  "jpg" : "https://tse4.mm.bing.net/th/id/OIP.iqoM41hdYGoNrkoc9XjdNgAAAA?pid=ImgDet&w=172&h=139&c=7&dpr=1.3&o=7&rm=3",
  "jpeg" : ""
}, {
  "png" : "",
  "jpg" : "https://tse4.mm.bing.net/th/id/OIP.HPuLHNl-bfNQO9qz6Q6gZwHaE8?pid=ImgDet&w=172&h=114&c=7&dpr=1.3&o=7&rm=3",
  "jpeg" : ""
}, {
  "png" : "",
  "jpg" : "https://tse4.mm.bing.net/th/id/OIP.SytNMA2MrVrLZkSNCQ4WiwHaE9?pid=ImgDet&w=172&h=115&c=7&dpr=1.3&o=7&rm=3",
  "jpeg" : ""
}, {
  "png" : "",
  "jpg" : "https://tse3.mm.bing.net/th/id/OIP.ayO56poswytlTcm2CvLSgAHaF9?pid=ImgDet&w=172&h=138&c=7&dpr=1.3&o=7&rm=3",
  "jpeg" : ""
}, {
  "png" : "https://tse1.mm.bing.net/th/id/OIP.st4uIhu680eDQBmflxB53AHaFy?pid=ImgDet&w=172&h=134&c=7&dpr=1.3&o=7&rm=3",
  "jpg" : "",
  "jpeg" : ""
}, {
  "png" : "",
  "jpg" : "https://tse3.mm.bing.net/th/id/OIP.uH11o-Bf1dqeHD8namG-XwHaEK?pid=ImgDet&w=172&h=97&c=7&dpr=1.3&o=7&rm=3",
  "jpeg" : ""
}, {
  "png" : "https://tse2.mm.bing.net/th/id/OIP.d7ptUvdikpWBWXycZ6zpWgHaFV?pid=ImgDet&w=172&h=124&c=7&dpr=1.3&o=7&rm=3",
  "jpg" : "",
  "jpeg" : ""
}, {
  "png" : "",
  "jpg" : "https://tse1.mm.bing.net/th/id/OIP.ztYmyv7SRSVJPg1U4iqgAwHaEx?pid=ImgDet&w=172&h=111&c=7&dpr=1.3&o=7&rm=3",
  "jpeg" : ""
}, {
  "png" : "",
  "jpg" : "https://tse4.mm.bing.net/th/id/OIP.1ds_OJ6AcBenjTBCiPSwzgHaE7?pid=ImgDet&w=172&h=114&c=7&dpr=1.3&o=7&rm=3",
  "jpeg" : ""
}, {
  "png" : "",
  "jpg" : "https://tse2.mm.bing.net/th/id/OIP.ju93WmVZQ5YD1aJP9kjjtQAAAA?pid=ImgDet&w=172&h=117&c=7&dpr=1.3&o=7&rm=3",
  "jpeg" : ""
}, {
  "png" : "",
  "jpg" : "https://tse4.mm.bing.net/th/id/OIP.F1Ynm91k5gexC91VnhktXgHaDn?pid=ImgDet&w=172&h=84&c=7&dpr=1.3&o=7&rm=3",
  "jpeg" : ""
}, {
  "png" : "",
  "jpg" : "https://tse4.mm.bing.net/th/id/OIP.VwIUCD4_6-r7ymEjlYZ3pwAAAA?pid=ImgDet&w=172&h=149&c=7&dpr=1.3&o=7&rm=3",
  "jpeg" : ""
}, {
  "png" : "",
  "jpg" : "https://tse2.mm.bing.net/th/id/OIP.9khstGZOmRpDAD8k85lOyAHaEK?pid=ImgDet&w=172&h=97&c=7&dpr=1.3&o=7&rm=3",
  "jpeg" : ""
}, {
  "png" : "",
  "jpg" : "https://tse1.mm.bing.net/th/id/OIP.JCg-UA8xuhdjHnwI4pgOEwHaFY?pid=ImgDet&w=172&h=125&c=7&dpr=1.3&o=7&rm=3",
  "jpeg" : ""
}, {
  "png" : "",
  "jpg" : "https://tse1.mm.bing.net/th/id/OIP.VSG-qj4D5tWtUSERzrQ_yQHaFF?pid=ImgDet&w=172&h=118&c=7&dpr=1.3&o=7&rm=3",
  "jpeg" : ""
}, {
  "png" : "",
  "jpg" : "https://tse1.mm.bing.net/th/id/OIP._kBmYpNQzlheVM9z0CH4LAHaEL?pid=ImgDet&w=172&h=97&c=7&dpr=1.3&o=7&rm=3",
  "jpeg" : ""
}, {
  "png" : "",
  "jpg" : "https://tse3.mm.bing.net/th/id/OIP.z_ClI-Dtp0lRj7kQVQBvsAHaCx?pid=ImgDet&w=172&h=64&c=7&dpr=1.3&o=7&rm=3",
  "jpeg" : ""
}, {
  "png" : "https://tse2.mm.bing.net/th/id/OIP.6SN1FkuNB5FdJfNqu6PkVAAAAA?pid=ImgDet&w=172&h=185&c=7&dpr=1.3&o=7&rm=3",
  "jpg" : "",
  "jpeg" : ""
}, {
  "png" : "https://tse4.mm.bing.net/th/id/OIP.-n7BXy9YR6j_4bHf69imqgHaFQ?pid=ImgDet&w=172&h=122&c=7&dpr=1.3&o=7&rm=3",
  "jpg" : "",
  "jpeg" : ""
}, {
  "png" : "",
  "jpg" : "https://tse4.mm.bing.net/th/id/OIP.sEmcqxUNEaAlDVdMIjTkygHaFv?pid=ImgDet&w=172&h=133&c=7&dpr=1.3&o=7&rm=3",
  "jpeg" : ""
}, {
  "png" : "",
  "jpg" : "https://tse4.mm.bing.net/th/id/OIP.TeOg-FVn8RwG0lLba5z1CgHaHa?pid=ImgDet&w=172&h=172&c=7&dpr=1.3&o=7&rm=3",
  "jpeg" : ""
}, {
  "png" : "",
  "jpg" : "https://tse4.mm.bing.net/th/id/OIP.JEY_M9tLZ3RzUJT7iqEtFAHaE3?pid=ImgDet&w=172&h=113&c=7&dpr=1.3&o=7&rm=3",
  "jpeg" : ""
}, {
  "png" : "https://tse1.mm.bing.net/th/id/OIP.9gM9vQVmx4Q0uHotgl8meQHaF6?pid=ImgDet&w=172&h=136&c=7&dpr=1.3&o=7&rm=3",
  "jpg" : "",
  "jpeg" : ""
}, {
  "png" : "",
  "jpg" : "https://tse1.mm.bing.net/th/id/OIP.Mbf7KPeEg-yLz1dpSVeYIgHaE8?pid=ImgDet&w=172&h=114&c=7&dpr=1.3&o=7&rm=3",
  "jpeg" : ""
}, {
  "png" : "",
  "jpg" : "https://tse2.mm.bing.net/th/id/OIP.6YQKEAGIvR4FCAUPtdLQ-AHaD3?pid=ImgDet&w=172&h=89&c=7&dpr=1.3&o=7&rm=3",
  "jpeg" : ""
}, {
  "png" : "",
  "jpg" : "https://tse3.mm.bing.net/th/id/OIP.iy18kq07j2NVKzdzSa2RnwHaGD?pid=ImgDet&w=172&h=140&c=7&dpr=1.3&o=7&rm=3",
  "jpeg" : ""
}, {
  "png" : "",
  "jpg" : "https://tse1.mm.bing.net/th/id/OIP.OkB_wvKyxE95w__mP0ZqjAHaEc?pid=ImgDet&w=172&h=103&c=7&dpr=1.3&o=7&rm=3",
  "jpeg" : ""
}, {
  "png" : "",
  "jpg" : "https://tse3.mm.bing.net/th/id/OIP.K_1n8DjbaG1o6UVTFrTN9QAAAA?pid=ImgDet&w=172&h=138&c=7&dpr=1.3&o=7&rm=3",
  "jpeg" : ""
}, {
  "png" : "",
  "jpg" : "https://tse2.mm.bing.net/th/id/OIP.RgKhaO9YOYEFQ2wD-Kf0yAHaE8?pid=ImgDet&w=172&h=114&c=7&dpr=1.3&o=7&rm=3",
  "jpeg" : ""
}, {
  "png" : "",
  "jpg" : "https://tse2.mm.bing.net/th/id/OIP.bouRWk1mV6_t1PXOgKlpzQHaFj?pid=ImgDet&w=172&h=129&c=7&dpr=1.3&o=7&rm=3",
  "jpeg" : ""
}, {
  "png" : "",
  "jpg" : "https://tse2.mm.bing.net/th/id/OIP.4V_jCEyVqr9pUoz37pyWnQAAAA?pid=ImgDet&w=172&h=161&c=7&dpr=1.3&o=7&rm=3",
  "jpeg" : ""
}, {
  "png" : "",
  "jpg" : "https://tse4.mm.bing.net/th/id/OIP.1PZ8E_ohoHSL6CKSHDMH9gHaFj?pid=ImgDet&w=172&h=129&c=7&dpr=1.3&o=7&rm=3",
  "jpeg" : ""
}, {
  "png" : "https://tse4.mm.bing.net/th/id/OIP.V9Qrfh9GlVlu1JcDprcOuQHaFW?pid=ImgDet&w=172&h=124&c=7&dpr=1.3&o=7&rm=3",
  "jpg" : "",
  "jpeg" : ""
}, {
  "png" : "",
  "jpg" : "https://tse3.mm.bing.net/th/id/OIP.w5owgIE98x7p5U9qeIWCNAHaNK?pid=ImgDet&w=172&h=306&c=7&dpr=1.3&o=7&rm=3",
  "jpeg" : ""
}, {
  "png" : "",
  "jpg" : "https://tse1.mm.bing.net/th/id/OIP.-kVikupskX9XxmS6bv5XXwHaF7?pid=ImgDet&w=172&h=137&c=7&dpr=1.3&o=7&rm=3",
  "jpeg" : ""
}, {
  "png" : "",
  "jpg" : "https://tse3.mm.bing.net/th/id/OIP.p_MAsqfaxZsVJGgF-buK7wAAAA?pid=ImgDet&w=172&h=127&c=7&dpr=1.3&o=7&rm=3",
  "jpeg" : ""
}, {
  "png" : "",
  "jpg" : "https://tse3.mm.bing.net/th/id/OIP.PpS8WjuOYb6dg1FYFg4ZdAHaE8?pid=ImgDet&w=172&h=114&c=7&dpr=1.3&o=7&rm=3",
  "jpeg" : ""
}, {
  "png" : "",
  "jpg" : "https://tse1.mm.bing.net/th/id/OIP.NC1AEZIT-Es8RklO_SEmsQHaFO?pid=ImgDet&w=172&h=121&c=7&dpr=1.3&o=7&rm=3",
  "jpeg" : ""
}, {
  "png" : "",
  "jpg" : "https://tse3.mm.bing.net/th/id/OIP.HkWXx02paquS3GNRaQwFAQHaE7?pid=ImgDet&w=172&h=114&c=7&dpr=1.3&o=7&rm=3",
  "jpeg" : ""
}, {
  "png" : "",
  "jpg" : "https://tse3.mm.bing.net/th/id/OIP.jqx2Q8p_dYR05KA2ds7S8QHaDt?pid=ImgDet&w=172&h=86&c=7&dpr=1.3&o=7&rm=3",
  "jpeg" : ""
}, {
  "png" : "https://tse4.mm.bing.net/th/id/OIP.BBYbmZZAqx7FKlTvl3R-_gHaEe?pid=ImgDet&w=172&h=104&c=7&dpr=1.3&o=7&rm=3",
  "jpg" : "",
  "jpeg" : ""
}, {
  "png" : "",
  "jpg" : "https://tse3.mm.bing.net/th/id/OIP.bYsXHsPQ_k-xxJlVuq1ySQHaEI?pid=ImgDet&w=172&h=96&c=7&dpr=1.3&o=7&rm=3",
  "jpeg" : ""
}, {
  "png" : "",
  "jpg" : "https://tse2.mm.bing.net/th/id/OIP.o9RSpfsr5CEDDsmRrYbwVAHaEK?pid=ImgDet&w=172&h=96&c=7&dpr=1.3&o=7&rm=3",
  "jpeg" : ""
}, {
  "png" : "",
  "jpg" : "https://tse4.mm.bing.net/th/id/OIP.WkyLduNa-JYfi-iEfVsJ8wAAAA?pid=ImgDet&w=172&h=139&c=7&dpr=1.3&o=7&rm=3",
  "jpeg" : ""
}, {
  "png" : "",
  "jpg" : "https://tse2.mm.bing.net/th/id/OIP.LA-wIIkl3EdnI2SQPsDtZAAAAA?pid=ImgDet&w=150&h=150&c=7&dpr=1.3&o=7&rm=3",
  "jpeg" : ""
}, {
  "png" : "",
  "jpg" : "https://tse4.mm.bing.net/th/id/OIP.EV59aG5iLxf5RGQif4L4OwHaJo?pid=ImgDet&w=172&h=223&c=7&dpr=1.3&o=7&rm=3",
  "jpeg" : ""
}, {
  "png" : "",
  "jpg" : "https://tse3.mm.bing.net/th/id/OIP.8xxc6Us-2s80IJH5H6EklQHaHa?pid=ImgDet&w=172&h=172&c=7&dpr=1.3&o=7&rm=3",
  "jpeg" : ""
}, {
  "png" : "",
  "jpg" : "https://tse2.mm.bing.net/th/id/OIP.raOnd8TbfHCQeDq2P_9xngHaEZ?pid=ImgDet&w=172&h=102&c=7&dpr=1.3&o=7&rm=3",
  "jpeg" : ""
}, {
  "png" : "",
  "jpg" : "https://tse1.explicit.bing.net/th/id/OIP.Ll54asdD9qgxA2jrnDCl4wHaEK?pid=ImgDet&w=172&h=97&c=7&dpr=1.3&o=7&rm=3",
  "jpeg" : ""
}, {
  "png" : "",
  "jpg" : "https://tse3.mm.bing.net/th/id/OIP.6AP6bbTuMD_-zpMYQNCA6AHaEm?pid=ImgDet&w=172&h=106&c=7&dpr=1.3&o=7&rm=3",
  "jpeg" : ""
}, {
  "png" : "",
  "jpg" : "https://tse1.mm.bing.net/th/id/OIP.ZDg3wUK2XRLNq0EXwHmcfAHaGI?pid=ImgDet&w=172&h=141&c=7&dpr=1.3&o=7&rm=3",
  "jpeg" : ""
}, {
  "png" : "",
  "jpg" : "https://tse2.mm.bing.net/th/id/OIP.-GpdU1y2aVwG9YHlcz5BlwHaFK?pid=ImgDet&w=172&h=120&c=7&dpr=1.3&o=7&rm=3",
  "jpeg" : ""
}, {
  "png" : "",
  "jpg" : "https://tse4.mm.bing.net/th/id/OIP.nKqoAjW05IVbFc86u-Qw5wHaFJ?pid=ImgDet&w=172&h=119&c=7&dpr=1.3&o=7&rm=3",
  "jpeg" : ""
}, {
  "png" : "https://tse1.mm.bing.net/th/id/OIP.v_0hrFUtJcSJrLV3juoYbwHaDx?pid=ImgDet&w=172&h=87&c=7&dpr=1.3&o=7&rm=3",
  "jpg" : "",
  "jpeg" : ""
}, {
  "png" : "https://tse3.mm.bing.net/th/id/OIP.2mtdly3QWN4rlHu1s-PZWQHaFr?pid=ImgDet&w=172&h=132&c=7&dpr=1.3&o=7&rm=3",
  "jpg" : "",
  "jpeg" : ""
}, {
  "png" : "",
  "jpg" : "https://tse2.mm.bing.net/th/id/OIP.xzStYll2HSUVq2MmIyPxjgHaFj?pid=ImgDet&w=172&h=129&c=7&dpr=1.3&o=7&rm=3",
  "jpeg" : ""
}, {
  "png" : "",
  "jpg" : "https://tse3.mm.bing.net/th/id/OIP.AEa3XJuqAQSqODSAsFa8cgHaHD?pid=ImgDet&w=172&h=163&c=7&dpr=1.3&o=7&rm=3",
  "jpeg" : ""
}, {
  "png" : "",
  "jpg" : "https://tse3.mm.bing.net/th/id/OIP.lvivqmy_Xzg4YZvA2mmP4wHaFj?pid=ImgDet&w=172&h=129&c=7&dpr=1.3&o=7&rm=3",
  "jpeg" : ""
}, {
  "png" : "",
  "jpg" : "https://tse3.mm.bing.net/th/id/OIP.3r8SmipEbtxQJ-n8YAzdaAHaF2?pid=ImgDet&w=172&h=135&c=7&dpr=1.3&o=7&rm=3",
  "jpeg" : ""
}, {
  "png" : "",
  "jpg" : "https://tse1.mm.bing.net/th/id/OIP.l9ghIb0HkUNROMD7BSXzzwHaD-?pid=ImgDet&w=172&h=92&c=7&dpr=1.3&o=7&rm=3",
  "jpeg" : ""
}, {
  "png" : "https://tse2.mm.bing.net/th/id/OIP.EaIUW2y54LweNGtCYDdSaAHaCx?pid=ImgDet&w=172&h=64&c=7&dpr=1.3&o=7&rm=3",
  "jpg" : "",
  "jpeg" : ""
}, {
  "png" : "",
  "jpg" : "https://tse3.mm.bing.net/th/id/OIP.8pKB-_qqd2rLVOcC2fvDvAHaE7?pid=ImgDet&w=172&h=114&c=7&dpr=1.3&o=7&rm=3",
  "jpeg" : ""
}, {
  "png" : "",
  "jpg" : "https://tse1.mm.bing.net/th/id/OIP.ANSsRvgp5AUR9rXEqYmxfwHaFj?pid=ImgDet&w=172&h=129&c=7&dpr=1.3&o=7&rm=3",
  "jpeg" : ""
}, {
  "png" : "",
  "jpg" : "https://tse1.mm.bing.net/th/id/OIP.aUfCQFNtsjkdQ9hMOVQVMAHaFj?pid=ImgDet&w=172&h=129&c=7&dpr=1.3&o=7&rm=3",
  "jpeg" : ""
}, {
  "png" : "",
  "jpg" : "https://tse4.mm.bing.net/th/id/OIP.XhpIg7hrOiZeF8vdnZBK5wHaCn?pid=ImgDet&w=172&h=60&c=7&dpr=1.3&o=7&rm=3",
  "jpeg" : ""
}, {
  "png" : "",
  "jpg" : "https://tse2.mm.bing.net/th/id/OIP.go99RGRTbd03j-8YQridawHaEG?pid=ImgDet&w=172&h=95&c=7&dpr=1.3&o=7&rm=3",
  "jpeg" : ""
}, {
  "png" : "",
  "jpg" : "https://tse3.mm.bing.net/th/id/OIP.XUHLuSE8njTsY-FKXL4bwwAAAA?pid=ImgDet&w=172&h=144&c=7&dpr=1.3&o=7&rm=3",
  "jpeg" : ""
}, {
  "png" : "",
  "jpg" : "https://tse1.mm.bing.net/th/id/OIP.AglUW_B4fQc_9HVI9nKO0AHaEl?pid=ImgDet&w=172&h=106&c=7&dpr=1.3&o=7&rm=3",
  "jpeg" : ""
}, {
  "png" : "",
  "jpg" : "https://tse3.mm.bing.net/th/id/OIP.6PfUa3KCFyggPMbWYs0X8AHaDt?pid=ImgDet&w=172&h=86&c=7&dpr=1.3&o=7&rm=3",
  "jpeg" : ""
}, {
  "png" : "",
  "jpg" : "https://tse2.mm.bing.net/th/id/OIP.wZKfzkRxX-cqdDlOOzGV8wHaFv?pid=ImgDet&w=172&h=133&c=7&dpr=1.3&o=7&rm=3",
  "jpeg" : ""
}, {
  "png" : "",
  "jpg" : "https://tse1.mm.bing.net/th/id/OIP.GYbPRUNU4qEuQb6hxSZqXQHaEi?pid=ImgDet&w=172&h=105&c=7&dpr=1.3&o=7&rm=3",
  "jpeg" : ""
}, {
  "png" : "",
  "jpg" : "https://tse4.mm.bing.net/th/id/OIP.bHCNH_PyiEhvFXyRrrM2YAHaF7?pid=ImgDet&w=172&h=137&c=7&dpr=1.3&o=7&rm=3",
  "jpeg" : ""
}, {
  "png" : "",
  "jpg" : "https://tse2.mm.bing.net/th/id/OIP.7XBnRoD9KDOoJPoGTCDq8QAAAA?pid=ImgDet&w=172&h=138&c=7&dpr=1.3&o=7&rm=3",
  "jpeg" : ""
}, {
  "png" : "",
  "jpg" : "https://tse1.mm.bing.net/th/id/OIP.9QbMI_Ysdt1UBYwihjSGGAHaEj?pid=ImgDet&w=172&h=105&c=7&dpr=1.3&o=7&rm=3",
  "jpeg" : ""
}, {
  "png" : "",
  "jpg" : "https://tse3.mm.bing.net/th/id/OIP.-ftwmNT6PpURtpNO7fj83QHaE8?pid=ImgDet&w=172&h=114&c=7&dpr=1.3&o=7&rm=3",
  "jpeg" : ""
}, {
  "png" : "",
  "jpg" : "https://tse3.mm.bing.net/th/id/OIP.un9-Ohr7x36Ct1JugjNVDAHaJ4?pid=ImgDet&w=172&h=229&c=7&dpr=1.3&o=7&rm=3",
  "jpeg" : ""
}, {
  "png" : "",
  "jpg" : "https://tse3.mm.bing.net/th/id/OIP.7YdY0rnHrweBIhoEc4UguwHaE7?pid=ImgDet&w=172&h=114&c=7&dpr=1.3&o=7&rm=3",
  "jpeg" : ""
}, {
  "png" : "",
  "jpg" : "https://tse4.mm.bing.net/th/id/OIP.pI-t5qZqKzQxbXgtfpV75QHaF3?pid=ImgDet&w=172&h=135&c=7&dpr=1.3&o=7&rm=3",
  "jpeg" : ""
}, {
  "png" : "",
  "jpg" : "https://tse1.mm.bing.net/th/id/OIP.XMnZcRnx9iZSlPJkEqnbKQHaFS?pid=ImgDet&w=172&h=122&c=7&dpr=1.3&o=7&rm=3",
  "jpeg" : ""
}, {
  "png" : "https://tse1.mm.bing.net/th/id/OIP.vSqKtLFcmu9p7Xm6BRD0iAHaEq?pid=ImgDet&w=172&h=108&c=7&dpr=1.3&o=7&rm=3",
  "jpg" : "",
  "jpeg" : ""
}, {
  "png" : "https://tse2.mm.bing.net/th/id/OIP.ZTnEQIZD7UyjF2m822hJPQHaEU?pid=ImgDet&w=172&h=100&c=7&dpr=1.3&o=7&rm=3",
  "jpg" : "",
  "jpeg" : ""
}, {
  "png" : "",
  "jpg" : "https://tse2.mm.bing.net/th/id/OIP.vzSpBwVcAXm3JebVMhFaOgHaFK?pid=ImgDet&w=172&h=120&c=7&dpr=1.3&o=7&rm=3",
  "jpeg" : ""
}, {
  "png" : "",
  "jpg" : "https://tse2.mm.bing.net/th/id/OIP.end4OpjbXPJws3AJ5KZR0gHaE8?pid=ImgDet&w=172&h=114&c=7&dpr=1.3&o=7&rm=3",
  "jpeg" : ""
}, {
  "png" : "",
  "jpg" : "https://tse3.mm.bing.net/th/id/OIP.8ab8jdaXwBj3UEh89KcceQAAAA?pid=ImgDet&w=172&h=123&c=7&dpr=1.3&o=7&rm=3",
  "jpeg" : ""
}, {
  "png" : "https://tse4.mm.bing.net/th/id/OIP._uELYctRa_74dRo9WgwhLwHaFp?pid=ImgDet&w=172&h=131&c=7&dpr=1.3&o=7&rm=3",
  "jpg" : "",
  "jpeg" : ""
}, {
  "png" : "",
  "jpg" : "https://tse3.mm.bing.net/th/id/OIP.z1zgf6FZ6I4LB5ZcU7IvbwHaEO?pid=ImgDet&w=172&h=98&c=7&dpr=1.3&o=7&rm=3",
  "jpeg" : ""
}, {
  "png" : "https://tse3.mm.bing.net/th/id/OIP.MMTh55FgtW-3IKgpDR-8mgHaDE?pid=ImgDet&w=172&h=71&c=7&dpr=1.3&o=7&rm=3",
  "jpg" : "",
  "jpeg" : ""
}, {
  "png" : "",
  "jpg" : "https://tse3.mm.bing.net/th/id/OIP.fWIeg7rXm4PvQ8QAKMD_fgHaEQ?pid=ImgDet&w=172&h=98&c=7&dpr=1.3&o=7&rm=3",
  "jpeg" : ""
}, {
  "png" : "https://tse4.mm.bing.net/th/id/OIP.2KCsdRL7axdaJ2wN1GVFXAHaEy?pid=ImgDet&w=172&h=111&c=7&dpr=1.3&o=7&rm=3",
  "jpg" : "",
  "jpeg" : ""
}, {
  "png" : "",
  "jpg" : "https://tse4.mm.bing.net/th/id/OIP.Z_NhzyPdqhiBYDL9GvoKRwHaEw?pid=ImgDet&w=172&h=110&c=7&dpr=1.3&o=7&rm=3",
  "jpeg" : ""
}, {
  "png" : "",
  "jpg" : "https://tse1.mm.bing.net/th/id/OIP.-2lc-MfRbh-pfxsKSjeXBQHaE8?pid=ImgDet&w=172&h=114&c=7&dpr=1.3&o=7&rm=3",
  "jpeg" : ""
}, {
  "png" : "",
  "jpg" : "https://tse4.mm.bing.net/th/id/OIP.zGWBUxyB65b3BkGqwD8I5wAAAA?pid=ImgDet&w=172&h=172&c=7&dpr=1.3&o=7&rm=3",
  "jpeg" : ""
}, {
  "png" : "",
  "jpg" : "https://tse4.mm.bing.net/th/id/OIP.ZRU2ICskeKk2-hs7xWjGEgAAAA?pid=ImgDet&w=150&h=150&c=7&dpr=1.3&o=7&rm=3",
  "jpeg" : ""
}, {
  "png" : "",
  "jpg" : "https://tse1.mm.bing.net/th/id/OIP.5q9-r7IoskHyAU4hr0YnxAHaE8?pid=ImgDet&w=172&h=114&c=7&dpr=1.3&o=7&rm=3",
  "jpeg" : ""
}, {
  "png" : "",
  "jpg" : "https://tse4.mm.bing.net/th/id/OIP.kYYr1g-UNM_Ofs7yOArWXwHaDW?pid=ImgDet&w=172&h=77&c=7&dpr=1.3&o=7&rm=3",
  "jpeg" : ""
}, {
  "png" : "https://tse4.mm.bing.net/th/id/OIP.oDORsrlhvy54ISMZQLfLPwHaDH?pid=ImgDet&w=172&h=72&c=7&dpr=1.3&o=7&rm=3",
  "jpg" : "",
  "jpeg" : ""
}, {
  "png" : "https://tse1.mm.bing.net/th/id/OIP.9qNeXjivEaDPskyITA3ZYQAAAA?pid=ImgDet&w=172&h=93&c=7&dpr=1.3&o=7&rm=3",
  "jpg" : "",
  "jpeg" : ""
}, {
  "png" : "",
  "jpg" : "https://tse1.mm.bing.net/th/id/OIP.c7PtYYT4OW1i7yT0I3PcgwHaFj?pid=ImgDet&w=172&h=129&c=7&dpr=1.3&o=7&rm=3",
  "jpeg" : ""
}, {
  "png" : "",
  "jpg" : "https://tse3.mm.bing.net/th/id/OIP.h9gDjVvQLF2bvj6aggaLcQHaEK?pid=ImgDet&w=172&h=96&c=7&dpr=1.3&o=7&rm=3",
  "jpeg" : ""
}, {
  "png" : "",
  "jpg" : "https://tse1.mm.bing.net/th/id/OIP.1MaF7RzXFs9GDjB1kUgE9wHaE8?pid=ImgDet&w=172&h=114&c=7&dpr=1.3&o=7&rm=3",
  "jpeg" : ""
}, {
  "png" : "",
  "jpg" : "https://tse1.mm.bing.net/th/id/OIP.no7IaRhBGlOXjOcbj4IZJAHaE6?pid=ImgDet&w=172&h=114&c=7&dpr=1.3&o=7&rm=3",
  "jpeg" : ""
}, {
  "png" : "",
  "jpg" : "https://tse3.mm.bing.net/th/id/OIP.XqkxNxNWUahqetHdHv6eRwHaEK?pid=ImgDet&w=172&h=97&c=7&dpr=1.3&o=7&rm=3",
  "jpeg" : ""
}, {
  "png" : "",
  "jpg" : "https://tse1.mm.bing.net/th/id/OIP.hezMi4jNrloQWa38WnJBpAHaIz?pid=ImgDet&w=172&h=205&c=7&dpr=1.3&o=7&rm=3",
  "jpeg" : ""
}, {
  "png" : "",
  "jpg" : "https://tse2.mm.bing.net/th/id/OIP.qM8mRklLoS1OKZOKx_rYhwHaCy?pid=ImgDet&w=172&h=64&c=7&dpr=1.3&o=7&rm=3",
  "jpeg" : ""
}, {
  "png" : "",
  "jpg" : "https://tse2.mm.bing.net/th/id/OIP.WpEiO0LmzD7sjh0rOXPEEwHaHW?pid=ImgDet&w=172&h=170&c=7&dpr=1.3&o=7&rm=3",
  "jpeg" : ""
}, {
  "png" : "",
  "jpg" : "https://tse2.mm.bing.net/th/id/OIP.gylmN2nXpryM3TiY8YSizwHaGw?pid=ImgDet&w=172&h=156&c=7&dpr=1.3&o=7&rm=3",
  "jpeg" : ""
}, {
  "png" : "",
  "jpg" : "https://tse1.mm.bing.net/th/id/OIP.P6YIXeU4RpbuUIWCkRe5NAHaFj?pid=ImgDet&w=172&h=129&c=7&dpr=1.3&o=7&rm=3",
  "jpeg" : ""
}, {
  "png" : "",
  "jpg" : "https://tse2.mm.bing.net/th/id/OIP.jNPr8aqjCmMExy7JMeVTGwHaD6?pid=ImgDet&w=172&h=91&c=7&dpr=1.3&o=7&rm=3",
  "jpeg" : ""
}, {
  "png" : "",
  "jpg" : "https://tse3.mm.bing.net/th/id/OIP.FHDAVgdAG_NGuCFt_XD7pAHaFl?pid=ImgDet&w=172&h=129&c=7&dpr=1.3&o=7&rm=3",
  "jpeg" : ""
}, {
  "png" : "https://tse2.mm.bing.net/th/id/OIP.bH6MNEfUu4eokvaG7eVHSwHaFi?pid=ImgDet&w=172&h=128&c=7&dpr=1.3&o=7&rm=3",
  "jpg" : "",
  "jpeg" : ""
}, {
  "png" : "",
  "jpg" : "https://tse1.mm.bing.net/th/id/OIP._FcFgaEI1fdn7fQGcsnOJAHaHC?pid=ImgDet&w=172&h=163&c=7&dpr=1.3&o=7&rm=3",
  "jpeg" : ""
}, {
  "png" : "",
  "jpg" : "https://tse3.mm.bing.net/th/id/OIP.0M8IpyOyymYU3pE5VviVegHaFj?pid=ImgDet&w=172&h=129&c=7&dpr=1.3&o=7&rm=3",
  "jpeg" : ""
}, {
  "png" : "https://tse1.mm.bing.net/th/id/OIP.S_jPxtJKI5EcMi3qkOeRHgHaEs?pid=ImgDet&w=172&h=109&c=7&dpr=1.3&o=7&rm=3",
  "jpg" : "",
  "jpeg" : ""
}, {
  "png" : "",
  "jpg" : "https://tse3.mm.bing.net/th/id/OIP.MkFiArxW9HPerhBHjXFLZQHaE8?pid=ImgDet&w=172&h=114&c=7&dpr=1.3&o=7&rm=3",
  "jpeg" : ""
}, {
  "png" : "",
  "jpg" : "https://tse1.mm.bing.net/th/id/OIP.WJEyaf-wL8B_drl7isQZgQHaHD?pid=ImgDet&w=172&h=163&c=7&dpr=1.3&o=7&rm=3",
  "jpeg" : ""
}, {
  "png" : "https://tse1.mm.bing.net/th/id/OIP.24jdkChCjTi_TvDPxZKVGwHaGn?pid=ImgDet&w=172&h=153&c=7&dpr=1.3&o=7&rm=3",
  "jpg" : "",
  "jpeg" : ""
}, {
  "png" : "",
  "jpg" : "https://tse2.mm.bing.net/th/id/OIP.Lxy9uj5Apaf25bg6NLctDAHaFj?pid=ImgDet&w=172&h=129&c=7&dpr=1.3&o=7&rm=3",
  "jpeg" : ""
}, {
  "png" : "",
  "jpg" : "https://tse1.mm.bing.net/th/id/OIP.zx963QHdUizbq5dAXMxrTAAAAA?pid=ImgDet&w=172&h=126&c=7&dpr=1.3&o=7&rm=3",
  "jpeg" : ""
}, {
  "png" : "",
  "jpg" : "https://tse4.mm.bing.net/th/id/OIP.B9PmTngZn7ZC3563oV8EpQAAAA?pid=ImgDet&w=172&h=148&c=7&dpr=1.3&o=7&rm=3",
  "jpeg" : ""
}, {
  "png" : "",
  "jpg" : "https://tse3.mm.bing.net/th/id/OIP.2_Cd119_cIcmrPjastGSawHaGB?pid=ImgDet&w=172&h=140&c=7&dpr=1.3&o=7&rm=3",
  "jpeg" : ""
}, {
  "png" : "",
  "jpg" : "https://tse4.mm.bing.net/th/id/OIP.wmmvtYM_joI2kgpgMtOn4QHaEK?pid=ImgDet&w=172&h=97&c=7&dpr=1.3&o=7&rm=3",
  "jpeg" : ""
}, {
  "png" : "",
  "jpg" : "https://tse4.mm.bing.net/th/id/OIP.lrH6wnAa_l3nzkdDon2QjwAAAA?pid=ImgDet&w=172&h=128&c=7&dpr=1.3&o=7&rm=3",
  "jpeg" : ""
}, {
  "png" : "",
  "jpg" : "https://tse3.mm.bing.net/th/id/OIP.drtZ1U14XIbhzrVCREuOLgHaE7?pid=ImgDet&w=172&h=114&c=7&dpr=1.3&o=7&rm=3",
  "jpeg" : ""
}, {
  "png" : "",
  "jpg" : "https://tse2.mm.bing.net/th/id/OIP.BjwxRATGzuZQedoYILZnvwHaFX?pid=ImgDet&w=172&h=124&c=7&dpr=1.3&o=7&rm=3",
  "jpeg" : ""
}, {
  "png" : "",
  "jpg" : "https://tse2.mm.bing.net/th/id/OIP.3VIcFEJheSwcL2eQBctF_QHaE8?pid=ImgDet&w=172&h=114&c=7&dpr=1.3&o=7&rm=3",
  "jpeg" : ""
}, {
  "png" : "",
  "jpg" : "https://tse3.mm.bing.net/th/id/OIP.JhhVpeX5vio789n3XJeIswHaFZ?pid=ImgDet&w=172&h=125&c=7&dpr=1.3&o=7&rm=3",
  "jpeg" : ""
}, {
  "png" : "",
  "jpg" : "https://tse3.mm.bing.net/th/id/OIP.jLFgxvWSfAtDvYZnEFhbQAHaGH?pid=ImgDet&w=172&h=141&c=7&dpr=1.3&o=7&rm=3",
  "jpeg" : ""
}, {
  "png" : "https://tse3.mm.bing.net/th/id/OIP.QKJnNdKULHepE-nH6HLifAHaDj?pid=ImgDet&w=172&h=82&c=7&dpr=1.3&o=7&rm=3",
  "jpg" : "",
  "jpeg" : ""
}, {
  "png" : "",
  "jpg" : "https://tse3.mm.bing.net/th/id/OIP.ZsIF4TBssVmlpzUE_c37eAHaC9?pid=ImgDet&w=172&h=68&c=7&dpr=1.3&o=7&rm=3",
  "jpeg" : ""
}, {
  "png" : "",
  "jpg" : "https://tse3.mm.bing.net/th/id/OIP.o6-uTJiAw3WLrJ2jiEUkBgHaFL?pid=ImgDet&w=172&h=120&c=7&dpr=1.3&o=7&rm=3",
  "jpeg" : ""
} ]